{"stats":{"minecraft:crafted":{"minecraft:crafting_table":1,"minecraft:spruce_planks":28,"minecraft:stick":16,"minecraft:wooden_pickaxe":1,"minecraft:stone_pickaxe":1,"minecraft:stone_sword":1,"minecraft:torch":4,"minecraft:stone_axe":1},"minecraft:dropped":{"minecraft:stone_sword":1},"minecraft:picked_up":{"minecraft:crafting_table":1,"minecraft:andesite":2,"minecraft:torch":1,"minecraft:pointed_dripstone":3,"minecraft:spruce_log":7,"minecraft:string":2,"minecraft:dirt":8,"minecraft:raw_copper":46,"minecraft:stone_sword":1,"minecraft:rotten_flesh":4,"minecraft:coal":11,"minecraft:cobblestone":24},"minecraft:mined":{"minecraft:spruce_log":7,"minecraft:andesite":2,"minecraft:powder_snow":2,"minecraft:crafting_table":1,"minecraft:pointed_dripstone":1,"minecraft:grass_block":2,"minecraft:coal_ore":11,"minecraft:dirt":8,"minecraft:copper_ore":12,"minecraft:spruce_leaves":1,"minecraft:stone":22,"minecraft:wall_torch":1},"minecraft:used":{"minecraft:stone_sword":17,"minecraft:string":2,"minecraft:stone_pickaxe":30,"minecraft:wooden_pickaxe":20,"minecraft:rotten_flesh":2,"minecraft:torch":5,"minecraft:stone_axe":1,"minecraft:dirt":8,"minecraft:cobblestone":16,"minecraft:sweet_berries":5,"minecraft:crafting_table":1,"minecraft:andesite":2,"minecraft:pumpkin_pie":1,"minecraft:pointed_dripstone":3},"minecraft:killed":{"minecraft:zombie":2,"minecraft:spider":1},"minecraft:custom":{"minecraft:time_since_rest":562,"minecraft:interact_with_furnace":1,"minecraft:sprint_one_cm":65725,"minecraft:damage_taken":1420,"minecraft:walk_one_cm":71811,"minecraft:mob_kills":3,"minecraft:drop":1,"minecraft:damage_dealt":702,"minecraft:swim_one_cm":1245,"minecraft:interact_with_crafting_table":5,"minecraft:fly_one_cm":131198,"minecraft:open_chest":13,"minecraft:crouch_one_cm":2510,"minecraft:play_time":36456,"minecraft:deaths":5,"minecraft:sneak_time":1125,"minecraft:walk_under_water_one_cm":2286,"minecraft:jump":606,"minecraft:time_since_death":698,"minecraft:walk_on_water_one_cm":3505,"minecraft:sleep_in_bed":1,"minecraft:total_world_time":36456,"minecraft:climb_one_cm":1172,"minecraft:fall_one_cm":18172}},"DataVersion":3465}