{"stats":{"minecraft:mined":{"minecraft:podzol":3,"minecraft:flowering_azalea":2,"minecraft:white_bed":6,"minecraft:jungle_door":3,"minecraft:deepslate_diamond_ore":9,"minecraft:obsidian":12,"minecraft:clay":1,"minecraft:crafting_table":8,"minecraft:granite":8,"minecraft:grass_block":2,"minecraft:chest":2,"minecraft:jungle_log":27,"minecraft:tall_grass":8,"minecraft:cobblestone":12,"minecraft:deepslate_gold_ore":5,"minecraft:sugar_cane":5,"minecraft:moss_block":15,"minecraft:furnace":3,"minecraft:iron_ore":24,"minecraft:cobbled_deepslate":21,"minecraft:fire":1,"minecraft:andesite":1,"minecraft:moss_carpet":2,"minecraft:deepslate_lapis_ore":3,"minecraft:grass":28,"minecraft:coal_ore":33,"minecraft:oak_log":3,"minecraft:deepslate_iron_ore":28,"minecraft:vine":3,"minecraft:gravel":3,"minecraft:dirt":12,"minecraft:azalea":2,"minecraft:stone":67,"minecraft:deepslate":94,"minecraft:fern":15},"minecraft:broken":{"minecraft:stone_axe":1,"minecraft:wooden_axe":1},"minecraft:custom":{"minecraft:interact_with_furnace":37,"minecraft:mob_kills":38,"minecraft:interact_with_crafting_table":27,"minecraft:leave_game":1,"minecraft:time_since_death":21091,"minecraft:sleep_in_bed":2,"minecraft:climb_one_cm":2597,"minecraft:time_since_rest":21113,"minecraft:sprint_one_cm":167987,"minecraft:damage_taken":3544,"minecraft:walk_one_cm":97773,"minecraft:damage_blocked_by_shield":1890,"minecraft:drop":18,"minecraft:damage_dealt":7554,"minecraft:swim_one_cm":14381,"minecraft:fly_one_cm":283501,"minecraft:open_chest":15,"minecraft:crouch_one_cm":25237,"minecraft:play_time":152508,"minecraft:sneak_time":9752,"minecraft:deaths":12,"minecraft:walk_under_water_one_cm":7507,"minecraft:boat_one_cm":122265,"minecraft:jump":1757,"minecraft:walk_on_water_one_cm":17751,"minecraft:total_world_time":152508,"minecraft:fall_one_cm":68192},"minecraft:picked_up":{"minecraft:crafting_table":8,"minecraft:andesite":2,"minecraft:clay_ball":63,"minecraft:jungle_log":27,"minecraft:flint":1,"minecraft:oak_log":3,"minecraft:gunpowder":2,"minecraft:lapis_lazuli":18,"minecraft:dirt":13,"minecraft:moss_carpet":13,"minecraft:bone":8,"minecraft:bow":2,"minecraft:wheat_seeds":6,"minecraft:cobbled_deepslate":120,"minecraft:raw_gold":5,"minecraft:beef":6,"minecraft:azalea":3,"minecraft:moss_block":24,"minecraft:sugar_cane":14,"minecraft:chest":2,"minecraft:flowering_azalea":1,"minecraft:egg":1,"minecraft:furnace":3,"minecraft:raw_iron":54,"minecraft:jungle_door":3,"minecraft:jungle_planks":3,"minecraft:white_bed":6,"minecraft:rotten_flesh":13,"minecraft:arrow":10,"minecraft:diamond":10,"minecraft:granite":8,"minecraft:emerald":2,"immersive_melodies:flute":1,"minecraft:cod":3,"minecraft:obsidian":12,"minecraft:coal":32,"minecraft:mutton":5,"minecraft:white_wool":4,"minecraft:cobblestone":76,"minecraft:ender_pearl":1},"minecraft:killed":{"creeperoverhaul:dripstone_creeper":1,"minecraft:sheep":4,"minecraft:skeleton":10,"creeperoverhaul:ocean_creeper":2,"minecraft:zombie":12,"minecraft:chicken":1,"creeperoverhaul:cave_creeper":1,"minecraft:cow":2,"minecraft:enderman":2},"minecraft:crafted":{"minecraft:cooked_beef":6,"minecraft:oak_planks":12,"minecraft:crafting_table":2,"minecraft:jungle_boat":1,"minecraft:wooden_pickaxe":1,"minecraft:iron_helmet":1,"minecraft:furnace":2,"minecraft:bucket":2,"minecraft:stone_axe":2,"minecraft:air":0,"minecraft:jungle_planks":80,"minecraft:jungle_door":3,"minecraft:iron_chestplate":2,"minecraft:diamond_pickaxe":1,"minecraft:shield":1,"minecraft:stick":16,"minecraft:iron_ingot":40,"minecraft:iron_pickaxe":1,"minecraft:stone_pickaxe":1,"minecraft:wooden_axe":1,"minecraft:iron_leggings":1,"minecraft:chest":2,"minecraft:white_bed":1},"minecraft:dropped":{"minecraft:moss_block":8,"minecraft:moss_carpet":1,"minecraft:wheat_seeds":6,"minecraft:cobbled_deepslate":6,"minecraft:rotten_flesh":6,"minecraft:clay_ball":19,"minecraft:gunpowder":2,"minecraft:andesite":2,"minecraft:azalea":3,"minecraft:flowering_azalea":1},"minecraft:used":{"minecraft:moss_block":16,"minecraft:moss_carpet":6,"minecraft:water_bucket":19,"minecraft:stone_pickaxe":28,"minecraft:wooden_pickaxe":9,"minecraft:chest":2,"minecraft:shield":67,"minecraft:jungle_boat":1,"minecraft:white_wool":1,"minecraft:dirt":13,"minecraft:crafting_table":9,"minecraft:white_bed":6,"minecraft:granite":8,"minecraft:wooden_axe":41,"minecraft:diamond_pickaxe":300,"minecraft:lava_bucket":27,"minecraft:iron_pickaxe":31,"minecraft:jungle_log":6,"minecraft:stone_axe":98,"minecraft:bow":3,"minecraft:cobblestone":62,"minecraft:furnace":3,"minecraft:jungle_door":4,"minecraft:bucket":49,"minecraft:egg":1,"minecraft:cooked_beef":2,"minecraft:cobbled_deepslate":103}},"DataVersion":3465}