{"stats":{"minecraft:mined":{"minecraft:spruce_planks":3,"minecraft:white_bed":6,"minecraft:deepslate_diamond_ore":9,"minecraft:obsidian":12,"minecraft:granite":8,"minecraft:grass_block":2,"minecraft:jungle_planks":2,"minecraft:jungle_log":27,"minecraft:spruce_leaves":4,"minecraft:moss_block":15,"minecraft:furnace":3,"minecraft:iron_ore":24,"minecraft:fire":1,"minecraft:cobbled_deepslate":21,"minecraft:andesite":1,"minecraft:moss_carpet":2,"minecraft:deepslate_lapis_ore":3,"minecraft:vine":3,"minecraft:deepslate_iron_ore":28,"minecraft:oak_stairs":1,"minecraft:packed_ice":7,"minecraft:azalea":2,"minecraft:stone":67,"minecraft:spruce_slab":2,"minecraft:podzol":3,"minecraft:flowering_azalea":2,"minecraft:jungle_door":7,"minecraft:crafting_table":9,"minecraft:clay":1,"minecraft:jungle_stairs":2,"minecraft:chest":2,"minecraft:tall_grass":8,"minecraft:cobblestone":12,"minecraft:deepslate_gold_ore":5,"minecraft:sugar_cane":5,"minecraft:oak_planks":1,"minecraft:ice":1,"minecraft:spruce_log":15,"minecraft:grass":28,"minecraft:oak_log":6,"minecraft:coal_ore":33,"minecraft:gravel":4,"minecraft:dirt":12,"minecraft:deepslate":94,"minecraft:fern":16},"minecraft:broken":{"minecraft:stone_axe":1,"minecraft:wooden_axe":1},"minecraft:custom":{"minecraft:mob_kills":38,"minecraft:interact_with_crafting_table":30,"minecraft:leave_game":1,"minecraft:time_since_death":760,"minecraft:climb_one_cm":2625,"minecraft:sprint_one_cm":200098,"minecraft:walk_one_cm":108139,"minecraft:damage_blocked_by_shield":1890,"minecraft:drop":49,"minecraft:walk_under_water_one_cm":22188,"minecraft:play_time":176508,"minecraft:deaths":13,"minecraft:sneak_time":10452,"minecraft:boat_one_cm":377100,"minecraft:jump":2043,"minecraft:walk_on_water_one_cm":24246,"minecraft:total_world_time":176508,"minecraft:interact_with_furnace":37,"minecraft:sleep_in_bed":2,"minecraft:time_since_rest":791,"minecraft:damage_taken":3714,"minecraft:damage_dealt":7554,"minecraft:swim_one_cm":59623,"minecraft:fly_one_cm":355822,"minecraft:open_chest":30,"minecraft:crouch_one_cm":26174,"minecraft:fall_one_cm":75281},"minecraft:picked_up":{"minecraft:crafting_table":9,"minecraft:clay_ball":63,"minecraft:oak_stairs":5,"minecraft:moss_carpet":13,"minecraft:cobbled_deepslate":120,"minecraft:spruce_planks":40,"minecraft:beef":6,"minecraft:azalea":3,"minecraft:spruce_slab":2,"minecraft:sugar_cane":14,"minecraft:chest":2,"minecraft:furnace":3,"minecraft:egg":1,"minecraft:raw_iron":54,"minecraft:jungle_door":6,"minecraft:arrow":10,"minecraft:rotten_flesh":13,"immersive_melodies:flute":1,"minecraft:mutton":5,"minecraft:obsidian":12,"minecraft:cod":3,"minecraft:white_wool":4,"minecraft:cobblestone":76,"minecraft:cooked_beef":3,"minecraft:jungle_log":27,"minecraft:andesite":2,"minecraft:flint":6,"minecraft:oak_log":6,"minecraft:gunpowder":2,"minecraft:lapis_lazuli":18,"minecraft:dirt":13,"minecraft:bone":8,"minecraft:bow":2,"minecraft:wheat_seeds":6,"minecraft:raw_gold":5,"minecraft:moss_block":24,"minecraft:oak_planks":4,"minecraft:flowering_azalea":1,"minecraft:gravel":1,"minecraft:jungle_planks":15,"minecraft:white_bed":6,"minecraft:spruce_log":13,"minecraft:diamond":10,"minecraft:spruce_boat":4,"minecraft:granite":8,"minecraft:emerald":2,"minecraft:coal":32,"minecraft:ender_pearl":1},"minecraft:killed":{"creeperoverhaul:dripstone_creeper":1,"minecraft:skeleton":10,"minecraft:chicken":1,"creeperoverhaul:cave_creeper":1,"minecraft:sheep":4,"minecraft:zombie":12,"creeperoverhaul:ocean_creeper":2,"minecraft:enderman":2,"minecraft:cow":2},"minecraft:crafted":{"minecraft:oak_planks":24,"minecraft:furnace":2,"minecraft:stone_pickaxe":1,"minecraft:chest":2,"minecraft:spruce_boat":1,"minecraft:cooked_beef":6,"minecraft:crafting_table":3,"minecraft:spruce_planks":52,"minecraft:jungle_boat":2,"minecraft:wooden_pickaxe":1,"minecraft:iron_helmet":1,"minecraft:bucket":2,"minecraft:stone_axe":2,"minecraft:air":0,"minecraft:jungle_planks":80,"minecraft:jungle_door":3,"minecraft:iron_chestplate":2,"minecraft:diamond_pickaxe":1,"minecraft:shield":1,"minecraft:stick":16,"minecraft:iron_ingot":40,"minecraft:iron_pickaxe":1,"minecraft:wooden_axe":1,"minecraft:iron_leggings":1,"minecraft:white_bed":1},"minecraft:dropped":{"minecraft:moss_block":8,"minecraft:wheat_seeds":6,"minecraft:cooked_beef":3,"minecraft:jungle_planks":24,"minecraft:leather_helmet":1,"minecraft:cod":3,"minecraft:flint":6,"minecraft:oak_stairs":5,"minecraft:flowering_azalea":1,"minecraft:moss_carpet":1,"minecraft:cobbled_deepslate":6,"minecraft:rotten_flesh":6,"minecraft:clay_ball":19,"minecraft:oak_planks":4,"minecraft:gunpowder":2,"minecraft:spruce_planks":40,"minecraft:andesite":2,"minecraft:azalea":3,"minecraft:spruce_slab":2},"minecraft:used":{"minecraft:moss_block":16,"minecraft:moss_carpet":6,"minecraft:chest":2,"minecraft:shield":67,"minecraft:dirt":13,"minecraft:granite":8,"minecraft:spruce_boat":4,"minecraft:wooden_axe":41,"minecraft:lava_bucket":28,"minecraft:jungle_log":6,"minecraft:bow":3,"minecraft:furnace":3,"minecraft:egg":1,"minecraft:cooked_beef":4,"minecraft:cobbled_deepslate":103,"minecraft:water_bucket":25,"minecraft:stone_pickaxe":28,"minecraft:wooden_pickaxe":9,"minecraft:jungle_boat":2,"minecraft:white_wool":1,"minecraft:crafting_table":12,"minecraft:white_bed":6,"minecraft:diamond_pickaxe":300,"minecraft:iron_pickaxe":31,"minecraft:stone_axe":136,"minecraft:cobblestone":62,"minecraft:jungle_door":8,"minecraft:bucket":55}},"DataVersion":3465}