{"stats":{"minecraft:dropped":{"minecraft:wheat_seeds":3},"minecraft:crafted":{"minecraft:cooked_beef":6,"minecraft:oak_planks":12,"minecraft:crafting_table":2,"minecraft:wooden_pickaxe":1,"minecraft:furnace":2,"minecraft:bucket":2,"minecraft:stone_axe":1,"minecraft:air":0,"minecraft:jungle_planks":56,"minecraft:jungle_door":3,"minecraft:iron_chestplate":1,"minecraft:diamond_pickaxe":1,"minecraft:shield":1,"minecraft:stick":12,"minecraft:iron_ingot":19,"minecraft:iron_pickaxe":1,"minecraft:stone_pickaxe":1,"minecraft:wooden_axe":1,"minecraft:chest":2,"minecraft:white_bed":1},"minecraft:picked_up":{"minecraft:crafting_table":5,"minecraft:clay_ball":15,"minecraft:jungle_log":21,"minecraft:oak_log":3,"minecraft:gunpowder":1,"minecraft:lapis_lazuli":13,"minecraft:dirt":8,"minecraft:moss_carpet":7,"minecraft:bone":6,"minecraft:bow":2,"minecraft:wheat_seeds":4,"minecraft:cobbled_deepslate":102,"minecraft:raw_gold":5,"minecraft:beef":6,"minecraft:azalea":2,"minecraft:moss_block":15,"minecraft:flowering_azalea":1,"minecraft:egg":1,"minecraft:furnace":2,"minecraft:raw_iron":23,"minecraft:jungle_planks":3,"minecraft:white_bed":3,"minecraft:arrow":8,"minecraft:rotten_flesh":6,"minecraft:diamond":10,"minecraft:emerald":2,"immersive_melodies:flute":1,"minecraft:mutton":5,"minecraft:white_wool":4,"minecraft:cobblestone":41,"minecraft:ender_pearl":1},"minecraft:broken":{"minecraft:stone_axe":1,"minecraft:wooden_axe":1},"minecraft:mined":{"minecraft:podzol":3,"minecraft:flowering_azalea":1,"minecraft:white_bed":3,"minecraft:deepslate_diamond_ore":9,"minecraft:crafting_table":5,"minecraft:jungle_log":21,"minecraft:cobblestone":11,"minecraft:deepslate_gold_ore":5,"minecraft:moss_block":7,"minecraft:furnace":2,"minecraft:fire":1,"minecraft:cobbled_deepslate":17,"minecraft:moss_carpet":2,"minecraft:deepslate_lapis_ore":2,"minecraft:grass":25,"minecraft:oak_log":3,"minecraft:deepslate_iron_ore":20,"minecraft:vine":3,"minecraft:dirt":5,"minecraft:azalea":1,"minecraft:stone":30,"minecraft:deepslate":82,"minecraft:fern":15},"minecraft:used":{"minecraft:moss_block":8,"minecraft:water_bucket":17,"minecraft:moss_carpet":6,"minecraft:stone_pickaxe":28,"minecraft:chest":2,"minecraft:shield":67,"minecraft:wooden_pickaxe":9,"minecraft:white_wool":1,"minecraft:dirt":8,"minecraft:crafting_table":7,"minecraft:white_bed":4,"minecraft:wooden_axe":41,"minecraft:diamond_pickaxe":132,"minecraft:lava_bucket":20,"minecraft:iron_pickaxe":21,"minecraft:jungle_log":6,"minecraft:stone_axe":80,"minecraft:cobblestone":27,"minecraft:furnace":3,"minecraft:jungle_door":2,"minecraft:bucket":39,"minecraft:egg":1,"minecraft:cobbled_deepslate":86},"minecraft:killed":{"minecraft:sheep":4,"minecraft:skeleton":9,"minecraft:zombie":10,"minecraft:chicken":1,"creeperoverhaul:cave_creeper":1,"minecraft:enderman":2,"minecraft:cow":2},"minecraft:custom":{"minecraft:interact_with_furnace":26,"minecraft:mob_kills":32,"minecraft:interact_with_crafting_table":16,"minecraft:leave_game":1,"minecraft:time_since_death":0,"minecraft:sleep_in_bed":2,"minecraft:climb_one_cm":484,"minecraft:time_since_rest":0,"minecraft:sprint_one_cm":121804,"minecraft:damage_taken":2631,"minecraft:walk_one_cm":72920,"minecraft:damage_blocked_by_shield":1890,"minecraft:drop":3,"minecraft:damage_dealt":6596,"minecraft:swim_one_cm":2120,"minecraft:fly_one_cm":212169,"minecraft:open_chest":5,"minecraft:crouch_one_cm":19318,"minecraft:play_time":54904,"minecraft:deaths":10,"minecraft:sneak_time":6640,"minecraft:walk_under_water_one_cm":181,"minecraft:jump":1202,"minecraft:walk_on_water_one_cm":13153,"minecraft:total_world_time":54904,"minecraft:fall_one_cm":49649}},"DataVersion":3465}