{"stats":{"minecraft:mined":{"minecraft:spruce_planks":3,"minecraft:white_bed":8,"minecraft:deepslate_diamond_ore":9,"minecraft:obsidian":12,"minecraft:ladder":1,"minecraft:granite":8,"minecraft:grass_block":2,"minecraft:jungle_planks":2,"minecraft:jungle_log":27,"minecraft:spruce_leaves":6,"minecraft:moss_block":15,"minecraft:oak_trapdoor":1,"minecraft:furnace":3,"minecraft:iron_ore":24,"minecraft:fire":1,"minecraft:cobbled_deepslate":21,"minecraft:andesite":1,"minecraft:moss_carpet":2,"minecraft:deepslate_lapis_ore":3,"minecraft:iron_bars":2,"minecraft:vine":3,"minecraft:deepslate_iron_ore":28,"minecraft:oak_stairs":1,"minecraft:packed_ice":7,"minecraft:azalea":2,"minecraft:stone":72,"minecraft:spruce_slab":2,"minecraft:podzol":3,"minecraft:light_gray_carpet":1,"minecraft:flowering_azalea":2,"minecraft:jungle_door":7,"minecraft:crafting_table":9,"minecraft:clay":1,"minecraft:jungle_stairs":2,"minecraft:chest":2,"minecraft:tall_grass":8,"minecraft:cobblestone":12,"minecraft:deepslate_gold_ore":5,"minecraft:sugar_cane":5,"minecraft:oak_planks":1,"minecraft:ice":1,"minecraft:white_carpet":7,"minecraft:spruce_log":15,"minecraft:grass":48,"minecraft:oak_log":6,"minecraft:coal_ore":33,"minecraft:gravel":4,"minecraft:dirt":12,"minecraft:cracked_stone_bricks":1,"minecraft:stone_bricks":5,"minecraft:mossy_stone_bricks":3,"minecraft:deepslate":94,"minecraft:fern":16},"minecraft:broken":{"minecraft:stone_axe":1,"minecraft:wooden_axe":1},"minecraft:custom":{"minecraft:mob_kills":46,"minecraft:interact_with_crafting_table":32,"minecraft:leave_game":1,"minecraft:time_since_death":12119,"minecraft:climb_one_cm":6893,"minecraft:sprint_one_cm":247831,"minecraft:walk_one_cm":134518,"minecraft:damage_blocked_by_shield":1950,"minecraft:drop":54,"minecraft:walk_under_water_one_cm":22793,"minecraft:play_time":200508,"minecraft:deaths":14,"minecraft:sneak_time":11580,"minecraft:boat_one_cm":667800,"minecraft:jump":2518,"minecraft:interact_with_brewingstand":2,"minecraft:walk_on_water_one_cm":28331,"minecraft:total_world_time":200508,"minecraft:interact_with_furnace":37,"minecraft:pot_flower":1,"minecraft:sleep_in_bed":3,"minecraft:time_since_rest":12140,"minecraft:damage_taken":4008,"minecraft:damage_dealt":8705,"minecraft:swim_one_cm":85249,"minecraft:fly_one_cm":502235,"minecraft:open_chest":35,"minecraft:crouch_one_cm":30185,"minecraft:fall_one_cm":87734},"minecraft:picked_up":{"minecraft:crafting_table":9,"minecraft:clay_ball":63,"minecraft:oak_stairs":5,"minecraft:moss_carpet":13,"minecraft:white_carpet":15,"minecraft:cobbled_deepslate":120,"minecraft:spruce_planks":40,"minecraft:beef":10,"minecraft:oak_boat":3,"minecraft:redstone_torch":1,"minecraft:azalea":3,"minecraft:spruce_slab":2,"minecraft:sugar_cane":14,"minecraft:chest":2,"minecraft:furnace":3,"minecraft:egg":1,"minecraft:stick":2,"minecraft:raw_iron":54,"minecraft:jungle_door":6,"minecraft:porkchop":9,"minecraft:cactus":1,"minecraft:arrow":10,"minecraft:rotten_flesh":13,"immersive_melodies:flute":1,"minecraft:mutton":5,"minecraft:obsidian":12,"minecraft:iron_bars":3,"minecraft:cod":3,"minecraft:white_wool":4,"minecraft:cobblestone":80,"minecraft:cooked_beef":3,"minecraft:jungle_log":27,"minecraft:andesite":2,"minecraft:leather":4,"minecraft:flint":6,"minecraft:oak_log":6,"minecraft:gunpowder":2,"minecraft:lapis_lazuli":18,"minecraft:dirt":13,"minecraft:bone":8,"minecraft:stone_bricks":9,"minecraft:bow":2,"minecraft:wheat_seeds":8,"minecraft:raw_gold":5,"minecraft:mossy_stone_bricks":2,"minecraft:moss_block":24,"minecraft:oak_planks":4,"minecraft:flowering_azalea":1,"minecraft:gravel":1,"minecraft:jungle_planks":15,"minecraft:white_bed":8,"minecraft:spruce_log":13,"minecraft:diamond":10,"minecraft:spruce_boat":4,"minecraft:granite":8,"minecraft:emerald":2,"minecraft:light_gray_carpet":3,"minecraft:coal":32,"minecraft:ender_pearl":1},"minecraft:killed":{"creeperoverhaul:dripstone_creeper":1,"creeperoverhaul:snowy_creeper":1,"minecraft:skeleton":10,"minecraft:chicken":1,"creeperoverhaul:cave_creeper":1,"minecraft:pig":4,"endermanoverhaul:snowy_enderman":1,"minecraft:sheep":4,"minecraft:zombie":12,"creeperoverhaul:ocean_creeper":2,"minecraft:enderman":2,"minecraft:cow":4},"minecraft:crafted":{"minecraft:oak_planks":24,"minecraft:furnace":2,"minecraft:stone_pickaxe":1,"minecraft:chest":2,"minecraft:spruce_boat":1,"minecraft:cooked_beef":6,"minecraft:crafting_table":4,"minecraft:spruce_planks":52,"minecraft:jungle_boat":2,"minecraft:wooden_pickaxe":1,"minecraft:iron_helmet":1,"minecraft:bucket":2,"minecraft:stone_axe":2,"minecraft:air":0,"minecraft:jungle_planks":80,"minecraft:oak_boat":1,"minecraft:jungle_door":3,"minecraft:iron_chestplate":2,"minecraft:diamond_pickaxe":1,"minecraft:shield":1,"minecraft:stick":16,"minecraft:iron_ingot":40,"minecraft:iron_pickaxe":1,"minecraft:wooden_axe":1,"minecraft:iron_leggings":1,"minecraft:white_bed":1},"minecraft:dropped":{"minecraft:moss_block":8,"minecraft:wheat_seeds":7,"minecraft:cooked_beef":3,"minecraft:jungle_planks":24,"minecraft:leather_helmet":1,"minecraft:cod":3,"minecraft:stick":1,"minecraft:flint":6,"minecraft:oak_stairs":5,"minecraft:flowering_azalea":1,"minecraft:moss_carpet":1,"minecraft:cobbled_deepslate":6,"minecraft:rotten_flesh":6,"minecraft:clay_ball":19,"minecraft:oak_planks":4,"minecraft:gunpowder":2,"minecraft:spruce_planks":40,"minecraft:andesite":2,"minecraft:azalea":3,"minecraft:stone_bricks":4,"minecraft:spruce_slab":2,"minecraft:iron_bars":1,"minecraft:arrow":7},"minecraft:used":{"minecraft:moss_block":16,"minecraft:moss_carpet":6,"minecraft:iron_bars":2,"minecraft:light_gray_carpet":3,"minecraft:spruce_planks":12,"minecraft:chest":4,"minecraft:shield":68,"minecraft:dirt":13,"minecraft:white_carpet":15,"minecraft:granite":8,"minecraft:spruce_boat":4,"minecraft:wooden_axe":41,"minecraft:lava_bucket":28,"minecraft:jungle_log":6,"minecraft:stone_bricks":5,"minecraft:bow":3,"minecraft:furnace":3,"minecraft:egg":1,"minecraft:cooked_beef":4,"minecraft:cobbled_deepslate":103,"minecraft:mossy_stone_bricks":2,"minecraft:water_bucket":26,"minecraft:stone_pickaxe":28,"minecraft:wooden_pickaxe":9,"minecraft:jungle_boat":2,"minecraft:white_wool":1,"minecraft:crafting_table":13,"minecraft:white_bed":9,"minecraft:diamond_pickaxe":300,"minecraft:iron_pickaxe":50,"minecraft:stone_axe":157,"minecraft:cobblestone":66,"minecraft:porkchop":5,"minecraft:jungle_door":8,"minecraft:bucket":57,"minecraft:oak_boat":4,"minecraft:splash_potion":1}},"DataVersion":3465}