{"stats":{"minecraft:mined":{"minecraft:spruce_planks":4,"minecraft:white_bed":8,"minecraft:deepslate_diamond_ore":9,"minecraft:obsidian":12,"minecraft:ladder":1,"minecraft:granite":8,"minecraft:grass_block":4,"minecraft:jungle_planks":2,"minecraft:jungle_log":27,"minecraft:spruce_leaves":8,"minecraft:moss_block":15,"minecraft:oak_trapdoor":2,"minecraft:furnace":3,"minecraft:iron_ore":24,"minecraft:fire":4,"minecraft:cobbled_deepslate":21,"minecraft:andesite":1,"minecraft:moss_carpet":2,"minecraft:deepslate_lapis_ore":3,"minecraft:iron_bars":4,"minecraft:vine":3,"minecraft:deepslate_iron_ore":28,"minecraft:oak_stairs":1,"minecraft:packed_ice":7,"minecraft:azalea":2,"minecraft:stone":72,"minecraft:spruce_slab":2,"minecraft:podzol":3,"minecraft:light_gray_carpet":1,"minecraft:flowering_azalea":2,"minecraft:jungle_door":7,"minecraft:crafting_table":9,"minecraft:clay":1,"minecraft:jungle_stairs":2,"minecraft:chest":2,"minecraft:tall_grass":8,"minecraft:cobblestone":12,"minecraft:deepslate_gold_ore":5,"minecraft:sugar_cane":5,"minecraft:oak_planks":1,"minecraft:ice":1,"minecraft:white_carpet":9,"minecraft:spruce_log":15,"minecraft:grass":49,"minecraft:oak_log":6,"minecraft:coal_ore":33,"minecraft:gravel":4,"minecraft:dirt":17,"minecraft:cracked_stone_bricks":1,"minecraft:stone_bricks":5,"minecraft:mossy_stone_bricks":3,"minecraft:deepslate":94,"minecraft:fern":16},"minecraft:broken":{"minecraft:stone_axe":1,"minecraft:wooden_axe":1},"minecraft:custom":{"minecraft:mob_kills":51,"minecraft:interact_with_crafting_table":32,"minecraft:open_barrel":18,"minecraft:leave_game":2,"minecraft:time_since_death":31602,"minecraft:climb_one_cm":11864,"minecraft:sprint_one_cm":362478,"minecraft:walk_one_cm":195362,"minecraft:damage_blocked_by_shield":2030,"minecraft:drop":54,"minecraft:walk_under_water_one_cm":25840,"minecraft:play_time":243312,"minecraft:deaths":15,"minecraft:sneak_time":12514,"minecraft:boat_one_cm":667800,"minecraft:interact_with_lectern":1,"minecraft:jump":3236,"minecraft:interact_with_brewingstand":2,"minecraft:walk_on_water_one_cm":32653,"minecraft:total_world_time":243312,"minecraft:interact_with_furnace":37,"minecraft:pot_flower":1,"minecraft:sleep_in_bed":5,"minecraft:time_since_rest":568,"minecraft:damage_taken":4457,"minecraft:damage_dealt":9534,"minecraft:swim_one_cm":89947,"minecraft:fly_one_cm":684887,"minecraft:open_chest":109,"minecraft:crouch_one_cm":32378,"minecraft:fall_one_cm":105978},"minecraft:picked_up":{"minecraft:crafting_table":9,"minecraft:ladder":1,"minecraft:clay_ball":63,"minecraft:oak_stairs":5,"minecraft:oak_trapdoor":2,"minecraft:moss_carpet":13,"minecraft:white_carpet":17,"minecraft:cobbled_deepslate":120,"minecraft:spruce_planks":41,"minecraft:beef":10,"minecraft:oak_boat":3,"minecraft:redstone_torch":1,"minecraft:azalea":3,"minecraft:spruce_slab":2,"minecraft:sugar_cane":14,"minecraft:chest":2,"minecraft:furnace":3,"minecraft:egg":1,"minecraft:stick":2,"minecraft:raw_iron":54,"minecraft:jungle_door":6,"minecraft:porkchop":9,"minecraft:cactus":1,"minecraft:arrow":14,"minecraft:rotten_flesh":14,"immersive_melodies:flute":1,"minecraft:mutton":5,"minecraft:obsidian":12,"minecraft:iron_bars":3,"minecraft:cod":3,"minecraft:white_wool":5,"minecraft:cobblestone":80,"minecraft:cooked_beef":3,"minecraft:jungle_log":27,"minecraft:andesite":2,"minecraft:leather":4,"minecraft:flint":6,"minecraft:oak_log":6,"minecraft:gunpowder":2,"minecraft:lapis_lazuli":18,"minecraft:dirt":18,"minecraft:bone":9,"minecraft:stone_bricks":9,"minecraft:bow":2,"minecraft:wheat_seeds":8,"minecraft:raw_gold":5,"minecraft:mossy_stone_bricks":2,"minecraft:moss_block":24,"minecraft:oak_planks":4,"minecraft:flowering_azalea":1,"minecraft:gravel":1,"minecraft:jungle_planks":15,"minecraft:white_bed":8,"minecraft:spruce_log":13,"minecraft:diamond":10,"minecraft:spruce_boat":4,"minecraft:granite":8,"minecraft:emerald":2,"minecraft:light_gray_carpet":3,"minecraft:coal":32,"minecraft:ender_pearl":1},"minecraft:killed":{"creeperoverhaul:dripstone_creeper":1,"creeperoverhaul:snowy_creeper":3,"minecraft:skeleton":11,"minecraft:chicken":1,"creeperoverhaul:cave_creeper":1,"minecraft:pig":4,"endermanoverhaul:snowy_enderman":1,"minecraft:sheep":4,"minecraft:zombie":14,"creeperoverhaul:ocean_creeper":2,"minecraft:enderman":2,"minecraft:cow":4},"minecraft:crafted":{"minecraft:oak_planks":24,"minecraft:furnace":2,"minecraft:stone_pickaxe":1,"minecraft:chest":2,"minecraft:spruce_boat":1,"minecraft:cooked_beef":6,"minecraft:crafting_table":4,"minecraft:spruce_planks":52,"minecraft:jungle_boat":2,"minecraft:wooden_pickaxe":1,"minecraft:iron_helmet":1,"minecraft:bucket":2,"minecraft:stone_axe":2,"minecraft:air":0,"minecraft:jungle_planks":80,"minecraft:oak_boat":1,"minecraft:jungle_door":3,"minecraft:iron_chestplate":2,"minecraft:diamond_pickaxe":1,"minecraft:shield":1,"minecraft:stick":16,"minecraft:iron_ingot":40,"minecraft:iron_pickaxe":1,"minecraft:wooden_axe":1,"minecraft:iron_leggings":1,"minecraft:white_bed":1},"minecraft:dropped":{"minecraft:moss_block":8,"minecraft:wheat_seeds":7,"minecraft:cooked_beef":3,"minecraft:jungle_planks":24,"minecraft:leather_helmet":1,"minecraft:cod":3,"minecraft:stick":1,"minecraft:flint":6,"minecraft:oak_stairs":5,"minecraft:flowering_azalea":1,"minecraft:moss_carpet":1,"minecraft:cobbled_deepslate":6,"minecraft:rotten_flesh":6,"minecraft:clay_ball":19,"minecraft:oak_planks":4,"minecraft:gunpowder":2,"minecraft:spruce_planks":40,"minecraft:andesite":2,"minecraft:azalea":3,"minecraft:stone_bricks":4,"minecraft:spruce_slab":2,"minecraft:iron_bars":1,"minecraft:arrow":7},"minecraft:used":{"minecraft:oak_trapdoor":1,"minecraft:moss_block":16,"minecraft:moss_carpet":6,"minecraft:writable_book":2,"minecraft:iron_bars":2,"minecraft:ladder":1,"minecraft:light_gray_carpet":3,"minecraft:spruce_planks":13,"minecraft:chest":4,"minecraft:shield":70,"minecraft:dirt":18,"minecraft:mutton":1,"minecraft:white_carpet":15,"minecraft:granite":8,"minecraft:spruce_boat":4,"minecraft:wooden_axe":41,"minecraft:lava_bucket":28,"minecraft:jungle_log":6,"minecraft:stone_bricks":5,"minecraft:bow":3,"minecraft:written_book":2,"minecraft:furnace":3,"minecraft:egg":1,"minecraft:cooked_beef":6,"minecraft:cobbled_deepslate":103,"minecraft:mossy_stone_bricks":2,"minecraft:water_bucket":51,"minecraft:stone_pickaxe":36,"minecraft:wooden_pickaxe":9,"minecraft:jungle_boat":2,"minecraft:white_wool":1,"minecraft:crafting_table":13,"minecraft:white_bed":9,"minecraft:diamond_pickaxe":300,"minecraft:bread":2,"minecraft:iron_pickaxe":51,"minecraft:stone_axe":173,"minecraft:cobblestone":66,"minecraft:porkchop":9,"minecraft:jungle_door":8,"minecraft:bucket":82,"minecraft:oak_boat":4,"minecraft:splash_potion":1}},"DataVersion":3465}