{"stats":{"minecraft:mined":{"minecraft:podzol":3,"minecraft:flowering_azalea":2,"minecraft:white_bed":4,"minecraft:jungle_door":2,"minecraft:deepslate_diamond_ore":9,"minecraft:obsidian":12,"minecraft:clay":1,"minecraft:crafting_table":6,"minecraft:chest":2,"minecraft:jungle_log":27,"minecraft:tall_grass":5,"minecraft:cobblestone":12,"minecraft:deepslate_gold_ore":5,"minecraft:moss_block":8,"minecraft:furnace":3,"minecraft:iron_ore":17,"minecraft:cobbled_deepslate":19,"minecraft:fire":1,"minecraft:andesite":1,"minecraft:moss_carpet":2,"minecraft:deepslate_lapis_ore":2,"minecraft:grass":26,"minecraft:coal_ore":8,"minecraft:oak_log":3,"minecraft:deepslate_iron_ore":21,"minecraft:vine":3,"minecraft:dirt":5,"minecraft:azalea":2,"minecraft:stone":33,"minecraft:deepslate":88,"minecraft:fern":15},"minecraft:broken":{"minecraft:stone_axe":1,"minecraft:wooden_axe":1},"minecraft:custom":{"minecraft:interact_with_furnace":37,"minecraft:mob_kills":34,"minecraft:interact_with_crafting_table":24,"minecraft:leave_game":1,"minecraft:time_since_death":31525,"minecraft:sleep_in_bed":2,"minecraft:climb_one_cm":590,"minecraft:time_since_rest":31604,"minecraft:sprint_one_cm":143053,"minecraft:damage_taken":2834,"minecraft:walk_one_cm":87202,"minecraft:damage_blocked_by_shield":1890,"minecraft:drop":15,"minecraft:damage_dealt":6796,"minecraft:swim_one_cm":2120,"minecraft:fly_one_cm":244737,"minecraft:open_chest":10,"minecraft:crouch_one_cm":22397,"minecraft:play_time":86508,"minecraft:sneak_time":8535,"minecraft:deaths":10,"minecraft:walk_under_water_one_cm":181,"minecraft:jump":1416,"minecraft:walk_on_water_one_cm":15100,"minecraft:total_world_time":86508,"minecraft:fall_one_cm":56315},"minecraft:picked_up":{"minecraft:crafting_table":6,"minecraft:andesite":2,"minecraft:clay_ball":38,"minecraft:jungle_log":27,"minecraft:oak_log":3,"minecraft:gunpowder":2,"minecraft:lapis_lazuli":13,"minecraft:dirt":8,"minecraft:moss_carpet":10,"minecraft:bone":8,"minecraft:bow":2,"minecraft:wheat_seeds":5,"minecraft:cobbled_deepslate":109,"minecraft:raw_gold":5,"minecraft:beef":6,"minecraft:azalea":3,"minecraft:moss_block":24,"minecraft:chest":2,"minecraft:flowering_azalea":1,"minecraft:egg":1,"minecraft:furnace":3,"minecraft:raw_iron":41,"minecraft:jungle_door":2,"minecraft:jungle_planks":3,"minecraft:white_bed":4,"minecraft:rotten_flesh":12,"minecraft:arrow":10,"minecraft:diamond":10,"minecraft:emerald":2,"immersive_melodies:flute":1,"minecraft:obsidian":12,"minecraft:coal":7,"minecraft:mutton":5,"minecraft:white_wool":4,"minecraft:cobblestone":45,"minecraft:ender_pearl":1},"minecraft:killed":{"minecraft:sheep":4,"minecraft:skeleton":10,"minecraft:zombie":11,"minecraft:chicken":1,"creeperoverhaul:cave_creeper":1,"minecraft:cow":2,"minecraft:enderman":2},"minecraft:crafted":{"minecraft:cooked_beef":6,"minecraft:oak_planks":12,"minecraft:crafting_table":2,"minecraft:wooden_pickaxe":1,"minecraft:iron_helmet":1,"minecraft:furnace":2,"minecraft:bucket":2,"minecraft:stone_axe":2,"minecraft:air":0,"minecraft:jungle_planks":60,"minecraft:jungle_door":3,"minecraft:iron_chestplate":2,"minecraft:diamond_pickaxe":1,"minecraft:shield":1,"minecraft:stick":16,"minecraft:iron_ingot":38,"minecraft:iron_pickaxe":1,"minecraft:stone_pickaxe":1,"minecraft:wooden_axe":1,"minecraft:iron_leggings":1,"minecraft:chest":2,"minecraft:white_bed":1},"minecraft:dropped":{"minecraft:moss_block":8,"minecraft:moss_carpet":1,"minecraft:wheat_seeds":4,"minecraft:cobbled_deepslate":2,"minecraft:rotten_flesh":6,"minecraft:clay_ball":19,"minecraft:gunpowder":2,"minecraft:andesite":2,"minecraft:azalea":3,"minecraft:flowering_azalea":1},"minecraft:used":{"minecraft:moss_block":8,"minecraft:moss_carpet":6,"minecraft:water_bucket":18,"minecraft:stone_pickaxe":28,"minecraft:wooden_pickaxe":9,"minecraft:chest":2,"minecraft:shield":67,"minecraft:white_wool":1,"minecraft:dirt":8,"minecraft:crafting_table":7,"minecraft:white_bed":5,"minecraft:wooden_axe":41,"minecraft:diamond_pickaxe":196,"minecraft:lava_bucket":27,"minecraft:iron_pickaxe":21,"minecraft:jungle_log":6,"minecraft:stone_axe":91,"minecraft:bow":3,"minecraft:cobblestone":31,"minecraft:furnace":3,"minecraft:jungle_door":2,"minecraft:bucket":48,"minecraft:egg":1,"minecraft:cobbled_deepslate":96}},"DataVersion":3465}