{"stats":{"minecraft:mined":{"minecraft:podzol":3,"minecraft:spruce_planks":2,"minecraft:flowering_azalea":2,"minecraft:white_bed":6,"minecraft:jungle_door":7,"minecraft:deepslate_diamond_ore":9,"minecraft:obsidian":12,"minecraft:clay":1,"minecraft:crafting_table":9,"minecraft:granite":8,"minecraft:grass_block":2,"minecraft:chest":2,"minecraft:jungle_log":27,"minecraft:tall_grass":8,"minecraft:cobblestone":12,"minecraft:deepslate_gold_ore":5,"minecraft:oak_planks":1,"minecraft:sugar_cane":5,"minecraft:moss_block":15,"minecraft:furnace":3,"minecraft:iron_ore":24,"minecraft:cobbled_deepslate":21,"minecraft:fire":1,"minecraft:andesite":1,"minecraft:moss_carpet":2,"minecraft:deepslate_lapis_ore":3,"minecraft:oak_stairs":1,"minecraft:grass":28,"minecraft:coal_ore":33,"minecraft:oak_log":3,"minecraft:deepslate_iron_ore":28,"minecraft:vine":3,"minecraft:gravel":4,"minecraft:dirt":12,"minecraft:azalea":2,"minecraft:stone":67,"minecraft:deepslate":94,"minecraft:fern":15},"minecraft:broken":{"minecraft:stone_axe":1,"minecraft:wooden_axe":1},"minecraft:custom":{"minecraft:interact_with_furnace":37,"minecraft:mob_kills":38,"minecraft:interact_with_crafting_table":28,"minecraft:leave_game":1,"minecraft:time_since_death":33091,"minecraft:sleep_in_bed":2,"minecraft:climb_one_cm":2597,"minecraft:time_since_rest":33113,"minecraft:sprint_one_cm":171733,"minecraft:damage_taken":3564,"minecraft:walk_one_cm":99635,"minecraft:damage_blocked_by_shield":1890,"minecraft:drop":41,"minecraft:damage_dealt":7554,"minecraft:swim_one_cm":47400,"minecraft:fly_one_cm":288835,"minecraft:open_chest":25,"minecraft:crouch_one_cm":25363,"minecraft:play_time":164508,"minecraft:sneak_time":10045,"minecraft:deaths":12,"minecraft:walk_under_water_one_cm":18335,"minecraft:boat_one_cm":332190,"minecraft:jump":1805,"minecraft:walk_on_water_one_cm":19070,"minecraft:total_world_time":164508,"minecraft:fall_one_cm":69297},"minecraft:picked_up":{"minecraft:crafting_table":9,"minecraft:andesite":2,"minecraft:clay_ball":63,"minecraft:jungle_log":27,"minecraft:oak_stairs":5,"minecraft:flint":6,"minecraft:oak_log":3,"minecraft:gunpowder":2,"minecraft:lapis_lazuli":18,"minecraft:dirt":13,"minecraft:moss_carpet":13,"minecraft:bone":8,"minecraft:bow":2,"minecraft:wheat_seeds":6,"minecraft:cobbled_deepslate":120,"minecraft:raw_gold":5,"minecraft:spruce_planks":10,"minecraft:beef":6,"minecraft:azalea":3,"minecraft:oak_planks":4,"minecraft:moss_block":24,"minecraft:sugar_cane":14,"minecraft:chest":2,"minecraft:flowering_azalea":1,"minecraft:egg":1,"minecraft:furnace":3,"minecraft:raw_iron":54,"minecraft:jungle_door":6,"minecraft:gravel":1,"minecraft:jungle_planks":3,"minecraft:white_bed":6,"minecraft:rotten_flesh":13,"minecraft:arrow":10,"minecraft:diamond":10,"minecraft:granite":8,"minecraft:emerald":2,"immersive_melodies:flute":1,"minecraft:cod":3,"minecraft:obsidian":12,"minecraft:coal":32,"minecraft:mutton":5,"minecraft:white_wool":4,"minecraft:cobblestone":76,"minecraft:ender_pearl":1},"minecraft:killed":{"creeperoverhaul:dripstone_creeper":1,"minecraft:sheep":4,"minecraft:skeleton":10,"creeperoverhaul:ocean_creeper":2,"minecraft:zombie":12,"minecraft:chicken":1,"creeperoverhaul:cave_creeper":1,"minecraft:cow":2,"minecraft:enderman":2},"minecraft:crafted":{"minecraft:cooked_beef":6,"minecraft:oak_planks":12,"minecraft:crafting_table":2,"minecraft:jungle_boat":2,"minecraft:wooden_pickaxe":1,"minecraft:iron_helmet":1,"minecraft:furnace":2,"minecraft:bucket":2,"minecraft:stone_axe":2,"minecraft:air":0,"minecraft:jungle_planks":80,"minecraft:jungle_door":3,"minecraft:iron_chestplate":2,"minecraft:diamond_pickaxe":1,"minecraft:shield":1,"minecraft:stick":16,"minecraft:iron_ingot":40,"minecraft:iron_pickaxe":1,"minecraft:stone_pickaxe":1,"minecraft:wooden_axe":1,"minecraft:iron_leggings":1,"minecraft:chest":2,"minecraft:white_bed":1},"minecraft:dropped":{"minecraft:moss_block":8,"minecraft:moss_carpet":1,"minecraft:wheat_seeds":6,"minecraft:cobbled_deepslate":6,"minecraft:rotten_flesh":6,"minecraft:clay_ball":19,"minecraft:oak_planks":4,"minecraft:cod":3,"minecraft:flint":6,"minecraft:gunpowder":2,"minecraft:spruce_planks":10,"minecraft:andesite":2,"minecraft:oak_stairs":5,"minecraft:azalea":3,"minecraft:flowering_azalea":1},"minecraft:used":{"minecraft:moss_block":16,"minecraft:moss_carpet":6,"minecraft:water_bucket":24,"minecraft:stone_pickaxe":28,"minecraft:wooden_pickaxe":9,"minecraft:chest":2,"minecraft:shield":67,"minecraft:jungle_boat":2,"minecraft:white_wool":1,"minecraft:dirt":13,"minecraft:crafting_table":10,"minecraft:white_bed":6,"minecraft:granite":8,"minecraft:wooden_axe":41,"minecraft:diamond_pickaxe":300,"minecraft:lava_bucket":28,"minecraft:iron_pickaxe":31,"minecraft:jungle_log":6,"minecraft:stone_axe":107,"minecraft:bow":3,"minecraft:cobblestone":62,"minecraft:furnace":3,"minecraft:jungle_door":8,"minecraft:bucket":55,"minecraft:egg":1,"minecraft:cooked_beef":3,"minecraft:cobbled_deepslate":103}},"DataVersion":3465}