{"stats":{"minecraft:dropped":{"minecraft:poisonous_potato":15,"minecraft:white_bed":1,"minecraft:grass":70,"minecraft:oak_sapling":2,"minecraft:spider_eye":2,"minecraft:string":4,"minecraft:oak_leaves":1,"minecraft:bone":6},"minecraft:crafted":{"minecraft:crafting_table":1,"minecraft:jungle_planks":24,"minecraft:stick":8,"minecraft:wooden_axe":1},"minecraft:picked_up":{"minecraft:crafting_table":1,"minecraft:jungle_log":6,"minecraft:leather":6,"minecraft:potato":8,"minecraft:dirt":3,"minecraft:string":3,"minecraft:red_bed":3,"minecraft:bone":4,"minecraft:apple":10,"minecraft:beef":9,"minecraft:iron_ingot":7,"minecraft:poppy":2,"minecraft:sugar_cane":12,"minecraft:chest":2,"minecraft:egg":2,"minecraft:raw_iron":21,"minecraft:porkchop":1,"minecraft:spider_eye":1,"minecraft:arrow":3,"minecraft:hay_block":3,"minecraft:grass":70,"minecraft:emerald":4,"minecraft:bread":17,"minecraft:oak_sapling":2,"minecraft:oak_leaves":1,"minecraft:cobblestone":1},"minecraft:mined":{"minecraft:light_gray_stained_glass_pane":2,"minecraft:red_bed":5,"minecraft:jungle_leaves":2,"minecraft:crafting_table":1,"minecraft:emerald_ore":2,"minecraft:grass_block":2,"minecraft:chest":2,"minecraft:jungle_log":7,"minecraft:tall_grass":16,"minecraft:sugar_cane":4,"minecraft:hay_block":3,"minecraft:iron_ore":22,"minecraft:grass":42,"minecraft:iron_bars":2,"minecraft:dirt":1,"minecraft:stone":2,"minecraft:oak_leaves":3},"minecraft:used":{"minecraft:cooked_mutton":13,"minecraft:water_bucket":7,"minecraft:stone_pickaxe":24,"minecraft:wooden_pickaxe":1,"minecraft:dirt":3,"minecraft:crafting_table":1,"minecraft:shears":43,"minecraft:wooden_axe":21,"minecraft:iron_pickaxe":4,"minecraft:barrel":1,"minecraft:stone_axe":29,"minecraft:bucket":8,"minecraft:egg":2,"minecraft:cooked_beef":1},"minecraft:killed":{"minecraft:pig":1,"minecraft:spider":2,"minecraft:iron_golem":1,"minecraft:skeleton":2,"minecraft:zombie":2,"creeperoverhaul:savannah_creeper":1,"minecraft:cow":4},"minecraft:custom":{"minecraft:mob_kills":13,"minecraft:interact_with_crafting_table":3,"minecraft:open_barrel":9,"minecraft:leave_game":2,"minecraft:time_since_death":50728,"minecraft:sleep_in_bed":3,"minecraft:climb_one_cm":2825,"minecraft:time_since_rest":5626,"minecraft:sprint_one_cm":199268,"minecraft:damage_taken":802,"minecraft:walk_one_cm":97600,"minecraft:drop":9,"minecraft:damage_dealt":2838,"minecraft:talked_to_villager":1,"minecraft:swim_one_cm":36267,"minecraft:fly_one_cm":240270,"minecraft:open_chest":17,"minecraft:crouch_one_cm":1872,"minecraft:play_time":50728,"minecraft:sneak_time":1219,"minecraft:walk_under_water_one_cm":7341,"minecraft:jump":1094,"minecraft:walk_on_water_one_cm":9364,"minecraft:total_world_time":50728,"minecraft:fall_one_cm":29688}},"DataVersion":3465}