{"stats":{"minecraft:mined":{"minecraft:smithing_table":1,"minecraft:red_bed":4,"minecraft:crafting_table":3,"minecraft:torch":2,"minecraft:granite":4,"minecraft:grass_block":29,"minecraft:chest":2,"minecraft:jungle_log":12,"minecraft:copper_ore":6,"minecraft:cobblestone":3,"minecraft:sugar_cane":3,"minecraft:oxeye_daisy":2,"minecraft:diorite":71,"minecraft:wall_torch":4,"minecraft:hay_block":4,"minecraft:furnace":6,"minecraft:ice":4,"minecraft:birch_leaves":2,"minecraft:andesite":45,"minecraft:grass":8,"minecraft:bookshelf":57,"minecraft:oak_log":15,"minecraft:coal_ore":14,"minecraft:vine":2,"minecraft:dripstone_block":3,"minecraft:dirt":94,"minecraft:sand":1,"minecraft:stone":310,"minecraft:oak_leaves":19,"minecraft:fern":2},"minecraft:broken":{"minecraft:stone_pickaxe":2},"minecraft:custom":{"minecraft:interact_with_furnace":3,"minecraft:mob_kills":65,"minecraft:interact_with_crafting_table":13,"minecraft:leave_game":9,"minecraft:time_since_death":19942,"minecraft:sleep_in_bed":5,"minecraft:climb_one_cm":6893,"minecraft:time_since_rest":19964,"minecraft:sprint_one_cm":488942,"minecraft:damage_taken":2053,"minecraft:walk_one_cm":290750,"minecraft:drop":17,"minecraft:damage_dealt":7119,"minecraft:swim_one_cm":43570,"minecraft:talked_to_villager":1,"minecraft:fly_one_cm":867891,"minecraft:open_chest":97,"minecraft:crouch_one_cm":15579,"minecraft:play_time":229946,"minecraft:deaths":4,"minecraft:sneak_time":5401,"minecraft:walk_under_water_one_cm":21715,"minecraft:boat_one_cm":688465,"minecraft:jump":3446,"minecraft:walk_on_water_one_cm":17503,"minecraft:total_world_time":229946,"minecraft:fall_one_cm":92300},"minecraft:picked_up":{"minecraft:crafting_table":3,"minecraft:feather":3,"minecraft:chicken":4,"minecraft:andesite":45,"minecraft:jungle_log":12,"minecraft:brown_wool":1,"minecraft:leather":5,"minecraft:smithing_table":1,"minecraft:oak_log":15,"minecraft:gunpowder":2,"minecraft:string":4,"minecraft:dirt":127,"minecraft:red_bed":4,"minecraft:raw_copper":20,"minecraft:wheat_seeds":1,"minecraft:rabbit_hide":1,"minecraft:beef":16,"minecraft:oak_boat":17,"minecraft:rabbit":1,"minecraft:bamboo":1,"minecraft:sugar_cane":7,"minecraft:chest":2,"minecraft:birch_sapling":1,"minecraft:furnace":6,"minecraft:book":171,"minecraft:stick":3,"minecraft:torch":10,"minecraft:dripstone_block":4,"minecraft:porkchop":62,"minecraft:sand":1,"minecraft:diorite":71,"minecraft:grass_block":1,"minecraft:stone_sword":1,"minecraft:rotten_flesh":1,"minecraft:stone_axe":1,"minecraft:hay_block":4,"minecraft:granite":4,"minecraft:bread":1,"minecraft:snowball":1,"minecraft:mutton":18,"minecraft:cod":1,"minecraft:coal":14,"minecraft:white_wool":9,"minecraft:cobblestone":310,"minecraft:oxeye_daisy":2},"minecraft:killed":{"minecraft:pig":32,"endermanoverhaul:snowy_enderman":1,"minecraft:rabbit":2,"minecraft:spider":2,"minecraft:creeper":3,"creeperoverhaul:bamboo_creeper":1,"minecraft:sheep":10,"minecraft:zombie":1,"creeperoverhaul:ocean_creeper":1,"minecraft:chicken":4,"minecraft:cow":8},"minecraft:crafted":{"minecraft:oak_door":3,"minecraft:oak_planks":40,"minecraft:crafting_table":1,"minecraft:wooden_pickaxe":1,"minecraft:furnace":5,"minecraft:stone_axe":1,"minecraft:jungle_planks":48,"minecraft:oak_boat":1,"minecraft:stick":72,"minecraft:stone_pickaxe":3,"minecraft:stone_sword":1,"minecraft:chest":2,"minecraft:torch":20},"minecraft:dropped":{"minecraft:bread":1,"minecraft:stone_axe":1,"minecraft:porkchop":1,"minecraft:wheat_seeds":1,"minecraft:stone_sword":1,"minecraft:dripstone_block":4,"minecraft:birch_sapling":1,"minecraft:rotten_flesh":1,"minecraft:grass_block":1,"minecraft:rabbit_hide":1,"minecraft:dirt":4,"minecraft:rabbit":1,"minecraft:snowball":1,"minecraft:bamboo":1},"minecraft:used":{"minecraft:iron_shovel":19,"minecraft:stone_sword":93,"minecraft:stone_pickaxe":371,"minecraft:chest":4,"minecraft:wooden_pickaxe":8,"minecraft:leather_boots":1,"minecraft:oak_door":1,"minecraft:torch":27,"minecraft:dirt":70,"minecraft:mutton":6,"minecraft:crafting_table":3,"minecraft:red_bed":4,"minecraft:cod":1,"minecraft:bread":15,"minecraft:iron_pickaxe":86,"minecraft:stone_axe":92,"minecraft:cobblestone":13,"minecraft:beef":2,"minecraft:furnace":5,"minecraft:porkchop":47,"minecraft:oak_boat":17,"minecraft:golden_axe":26}},"DataVersion":3465}