{"stats":{"minecraft:mined":{"minecraft:smithing_table":1,"minecraft:red_bed":4,"minecraft:crafting_table":3,"minecraft:torch":2,"minecraft:granite":4,"minecraft:grass_block":29,"minecraft:chest":2,"minecraft:jungle_log":12,"minecraft:copper_ore":6,"minecraft:cobblestone":3,"minecraft:diorite":71,"minecraft:wall_torch":4,"minecraft:furnace":6,"minecraft:ice":2,"minecraft:andesite":45,"minecraft:grass":6,"minecraft:oak_log":10,"minecraft:coal_ore":14,"minecraft:vine":2,"minecraft:dripstone_block":3,"minecraft:dirt":94,"minecraft:sand":1,"minecraft:stone":310,"minecraft:oak_leaves":18,"minecraft:fern":2},"minecraft:broken":{"minecraft:stone_pickaxe":2},"minecraft:custom":{"minecraft:interact_with_furnace":3,"minecraft:mob_kills":41,"minecraft:interact_with_crafting_table":13,"minecraft:leave_game":9,"minecraft:time_since_death":482,"minecraft:sleep_in_bed":5,"minecraft:climb_one_cm":6893,"minecraft:time_since_rest":511,"minecraft:sprint_one_cm":418409,"minecraft:damage_taken":1810,"minecraft:walk_one_cm":237258,"minecraft:drop":8,"minecraft:damage_dealt":4489,"minecraft:swim_one_cm":43570,"minecraft:talked_to_villager":1,"minecraft:fly_one_cm":647152,"minecraft:open_chest":73,"minecraft:crouch_one_cm":14376,"minecraft:play_time":205946,"minecraft:deaths":3,"minecraft:sneak_time":5193,"minecraft:walk_under_water_one_cm":21715,"minecraft:boat_one_cm":688465,"minecraft:jump":2814,"minecraft:walk_on_water_one_cm":17114,"minecraft:total_world_time":205946,"minecraft:fall_one_cm":78629},"minecraft:picked_up":{"minecraft:crafting_table":3,"minecraft:feather":3,"minecraft:chicken":4,"minecraft:andesite":45,"minecraft:jungle_log":12,"minecraft:brown_wool":1,"minecraft:leather":4,"minecraft:smithing_table":1,"minecraft:oak_log":10,"minecraft:gunpowder":2,"minecraft:dirt":127,"minecraft:red_bed":4,"minecraft:raw_copper":20,"minecraft:wheat_seeds":1,"minecraft:rabbit_hide":1,"minecraft:beef":5,"minecraft:oak_boat":17,"minecraft:rabbit":1,"minecraft:bamboo":1,"minecraft:chest":2,"minecraft:furnace":6,"minecraft:stick":3,"minecraft:torch":8,"minecraft:dripstone_block":2,"minecraft:porkchop":48,"minecraft:sand":1,"minecraft:diorite":71,"minecraft:stone_sword":1,"minecraft:rotten_flesh":1,"minecraft:stone_axe":1,"minecraft:granite":4,"minecraft:bread":1,"minecraft:mutton":6,"minecraft:cod":1,"minecraft:coal":14,"minecraft:white_wool":2,"minecraft:cobblestone":310},"minecraft:killed":{"minecraft:pig":23,"minecraft:rabbit":2,"minecraft:creeper":3,"creeperoverhaul:bamboo_creeper":1,"minecraft:sheep":3,"minecraft:zombie":1,"creeperoverhaul:ocean_creeper":1,"minecraft:chicken":4,"minecraft:cow":3},"minecraft:crafted":{"minecraft:oak_door":3,"minecraft:oak_planks":40,"minecraft:crafting_table":1,"minecraft:wooden_pickaxe":1,"minecraft:furnace":5,"minecraft:stone_axe":1,"minecraft:jungle_planks":48,"minecraft:oak_boat":1,"minecraft:stick":72,"minecraft:stone_pickaxe":3,"minecraft:stone_sword":1,"minecraft:chest":2,"minecraft:torch":20},"minecraft:dropped":{"minecraft:bread":1,"minecraft:stone_axe":1,"minecraft:porkchop":1,"minecraft:wheat_seeds":1,"minecraft:stone_sword":1,"minecraft:rotten_flesh":1,"minecraft:dirt":4,"minecraft:bamboo":1},"minecraft:used":{"minecraft:iron_shovel":19,"minecraft:stone_sword":30,"minecraft:stone_pickaxe":371,"minecraft:chest":4,"minecraft:wooden_pickaxe":8,"minecraft:leather_boots":1,"minecraft:oak_door":1,"minecraft:torch":23,"minecraft:dirt":69,"minecraft:mutton":6,"minecraft:crafting_table":3,"minecraft:red_bed":4,"minecraft:cod":1,"minecraft:bread":11,"minecraft:iron_pickaxe":86,"minecraft:stone_axe":56,"minecraft:cobblestone":13,"minecraft:beef":2,"minecraft:furnace":5,"minecraft:porkchop":47,"minecraft:oak_boat":17}},"DataVersion":3465}